postDate,link,postAuthor,title,notes,artist
"Oct 13, 2014",http://www.edmsauce.com/2014/10/13/iyffe-polyglotism-original-mix-trapstep/,Stevo,Polyglotism,Original Mix) [Trapstep,IYFFE
"Oct 13, 2014",http://www.edmsauce.com/2014/10/13/habstrakt-echoes-dubstep/,Stevo,Echoes,Dubstep,Habstrakt
"Oct 13, 2014",http://www.edmsauce.com/2014/10/13/j-kraken-coast-coast-original-mix/,Stevo,Coast To Coast,Original Mix,J-Kraken
"Oct 13, 2014",http://www.edmsauce.com/2014/10/13/mattafix-big-city-life-leex-remix-tropical-house/,Stevo,Big City Life,LEEX Remix) [Tropical House,Mattafix
"Oct 10, 2014",http://www.edmsauce.com/2014/10/10/mayer-hawthorne-feat-kendrick-lamar-crime-nymz-remix/,Steven Kerber,Crime,NYMZ Remix,Mayer Hawthorne Feat. Kendrick Lamar
"Oct 7, 2014",http://www.edmsauce.com/2014/10/07/dillon-francis-martin-garrix-set-free/,Stevo,Set Me Free,,Dillon Francis & Martin Garrix
"Oct 6, 2014",http://www.edmsauce.com/2014/10/06/hundaes-future-bass-trap/,Stevo,If Only,Future Bass + Trap,Hundaes
"Oct 6, 2014",http://www.edmsauce.com/2014/10/06/arches-want-deep-house/,Stevo,Want You,Deep House,Arches
"Oct 1, 2014",http://www.edmsauce.com/2014/10/01/beshken-right-time-feat-soraya-free-dl/,Dylan Rehmer,Right Time,feat. Soraya) [Free DL,Beshken
"Sep 30, 2014",http://www.edmsauce.com/2014/09/30/charlie-darker-guns-hire-nghtmre-remix-free-dl/,Dylan Rehmer,Guns For Hire,NGHTMRE Remix) [Free DL,Charlie Darker
"Dec 5, 2013",http://www.edmsauce.com/2013/12/05/wallpaper-hesher-kairo-kingdom-remix-edm-sauce-premiere/,Stevo,Hesher,Kairo Kingdom Remix) [EDM Sauce Premiere,Wallpaper.
"Sep 29, 2014",http://www.edmsauce.com/2014/09/29/ollygon-sunny-shores-future-bass/,Stevo,Sunny Shores,Future Bass,Ollygon
"Sep 26, 2014",http://www.edmsauce.com/2014/09/26/thefatrat-unity-edm-sauce-premiere/,Stevo,Unity,EDM Sauce Premiere,The FatRat
"Sep 26, 2014",http://www.edmsauce.com/2014/09/26/sailors-like-tropical-house/,Stevo,Like No Other,Tropical House,Sailors
"Sep 19, 2014",http://www.edmsauce.com/2014/09/19/dillon-francis-dj-snake-get-low-rebirth/,Teasha,Get Low,The Rebirth in Paris,Dillon Francis and DJ Snake
"Sep 19, 2014",http://www.edmsauce.com/2014/09/19/andr3x-ft-jonny-rose-together-shine-premiere/,Stevo,Together We Shine,Premiere,Andr3x ft. Jonny Rose
"Sep 17, 2014",http://www.edmsauce.com/2014/09/17/cazzette-sleepless-atrak-remix/,Teasha,Sleepless,A-Trak Remix,Cazzette
"Sep 16, 2014",http://www.edmsauce.com/2014/09/16/magician-magic-tape-45/,Cristina,Magic Tape 45,,The Magician
"Sep 15, 2014",http://www.edmsauce.com/2014/09/15/dillon-francis-ft-major-lazer-stylo-g-make-bounce/,Stevo,We Make It Bounce,,Dillon Francis ft. Major Lazer & Stylo G
"Dec 4, 2013",http://www.edmsauce.com/2013/12/04/laidback-luke-peking-duk-mufasa-original-mix/,Kathleen,Mufasa,Original Mix,Laidback Luke And Peking Duk
"Dec 4, 2013",http://www.edmsauce.com/2013/12/04/haim-forever-giorgio-moroder-remix/,BWizzy,Forever,Giorgio Moroder Remix,HAIM
"Dec 4, 2013",http://www.edmsauce.com/2013/12/04/doctor-p-shishkabob/,Dan Cooper,Shishkabob,Free Download,Doctor P
"Dec 4, 2013",http://www.edmsauce.com/2013/12/04/chemical-brothers-block-rockin-beats-cazzette-live-bootleg/,Evan,Block Rockinâ€™ Beats,Cazzette Live Bootleg,The Chemical Brothers
"Dec 3, 2013",http://www.edmsauce.com/2013/12/03/cashmere-cat/,Alex Carll,With Me,,Cashmere Cat
"Dec 2, 2013",http://www.edmsauce.com/2013/12/02/ed-sheeran-see-fire-kygo-remix/,Stevo,I See Fire,Kygo Remix,Ed Sheeran
"Dec 2, 2013",http://www.edmsauce.com/2013/12/02/linkin-park-steve-aoki-light-never-comes-vicetone-remix/,Stevo,A Light That Never Comes,Vicetone Remix,Linkin Park and Steve Aoki
"Nov 22, 2013",http://www.edmsauce.com/2013/11/22/b-ju-ass-club-worthy-remix/,Stevo,Ass Club,Worthy Remix,B-Ju
"Sep 11, 2014",http://www.edmsauce.com/2014/09/11/ellie-goulding-beating-heart-steve-james-remix/,Mel,Beating Heart,Steve James Remix,Ellie Goulding
"Sep 11, 2014",http://www.edmsauce.com/2014/09/11/miami-horror-wild-motion-rogue-vogue-remix/,Widow,Wild Motion,Rogue Vogue Remix,Miami Horror
"Sep 9, 2014",http://www.edmsauce.com/2014/09/09/galantis-help-elephante-remix/,Mel,Help,Elephante Remix,Galantis
"Sep 9, 2014",http://www.edmsauce.com/2014/09/09/serenity-switchblade/,James,Switchblade,,Serenity
"Nov 22, 2013",http://www.edmsauce.com/2013/11/22/marvin-gaye-sexual-healing-kygo-remix/,Stevo,Sexual Healing,Kygo Remix,Marvin Gaye
"Nov 19, 2013",http://www.edmsauce.com/2013/11/19/armin-van-buuren-sound-drums-michael-brun-remix/,Elle,Sound Of The Drums,Michael Brun Remix,Armin Van Buuren
"Nov 18, 2013",http://www.edmsauce.com/2013/11/18/blackmill-journeys-end/,Bruce Genovese,Journeyâ€™s End,,Blackmill
"Nov 18, 2013",http://www.edmsauce.com/2013/11/18/seven-lions-feat-ciscandra-nostalghia-serpent-old/,Alex Carll,Serpent Of Old,,Seven Lions feat. Ciscandra Nostalghia
"Nov 18, 2013",http://www.edmsauce.com/2013/11/18/dvbbs-borgeous-stampede-original-mix-now-beatport/,Stevo,Stampede,Original Mix) [Out Now On Beatport,DVBBS & Borgeous
"Nov 15, 2013",http://www.edmsauce.com/2013/11/15/timmy-trumpet-scndl-bleed/,Kevin Chan,Bleed,,Timmy Trumpet & SCNDL
"Nov 15, 2013",http://www.edmsauce.com/2013/11/15/dillon-francis-ft-t-e-e-d-without-hayden-james-remix/,Kathleen,Without You,Hayden James Remix,Dillon Francis ft. T.E.E.D.
"Nov 12, 2013",http://www.edmsauce.com/2013/11/12/carnage-mara-free-download/,Ian Barnard,Mara,Free Download,Carnage
"Sep 8, 2014",http://www.edmsauce.com/2014/09/08/indiana-heart-fire-snbrn-remix/,Maddy Andrade,Heart On Fire,SNBRN Remix,Indiana
"Sep 7, 2014",http://www.edmsauce.com/2014/09/07/ferry-corsten-feat-nat-dunn-hyper-love/,Widow,Hyper Love,,Ferry Corsten feat. Nat Dunn
"Sep 4, 2014",http://www.edmsauce.com/2014/09/04/justin-faust-spellbound/,Stevo,Spellbound,,Justin Faust
"Sep 4, 2014",http://www.edmsauce.com/2014/09/04/ariana-grande-baby-feat-cashmere-cat-edit/,Stevo,Be My Baby feat. Cashmere Cat,Edit,Ariana Grande
"Sep 4, 2014",http://www.edmsauce.com/2014/09/04/noisecontrollers-pillars-astral-free-download/,Stevo,Pillars Of Astral,Free Download,Noisecontrollers
"Sep 1, 2014",http://www.edmsauce.com/2014/09/01/syn-cole-bright-lights-sam-feldt-remix-free-dl/,Dylan Rehmer,Bright Lights,Sam Feldt Remix) [Free DL,Syn Cole
"Sep 1, 2014",http://www.edmsauce.com/2014/09/01/john-legend-r3hab-remix/,Rehan,You And I,R3hab Remix,John Legend
"Nov 8, 2013",http://www.edmsauce.com/2013/11/08/andrew-rayel-dark-warrior-official-music-video/,Cristina,Dark Warrior,Official Music Video,Andrew Rayel
"Nov 7, 2013",http://www.edmsauce.com/2013/11/07/tommy-trash-fuckwind-free-download/,Sam Mendez,Fuckwind,Free Download,Tommy Trash
"Nov 5, 2013",http://www.edmsauce.com/2013/11/05/worthy-flashin-ep/,Cara,Flashin EP,,Worthy
"Oct 29, 2013",http://www.edmsauce.com/2013/10/29/tnght-higher-ground-lets-friends-re-amp/,Dylan Rehmer,Higher Ground,Lets Be Friends Re-Amp,TNGHT
"Oct 29, 2013",http://www.edmsauce.com/2013/10/29/beyond-mariana-trench-abgt050/,Dan Cooper,â€˜Mariana Trenchâ€™ ABGT050,,Above & Beyond
"Oct 29, 2013",http://www.edmsauce.com/2013/10/29/thomas-jack-infuses-symphony-adrian-symes-sax/,Stevo,Symphony,Original Mix,Thomas Jack
"Aug 28, 2014",http://www.edmsauce.com/2014/08/28/basenji-heirloom/,James,Heirloom,,Basenji
"Aug 21, 2014",http://www.edmsauce.com/2014/08/21/dj-sliink-x-twrk-x-green-lantern-trifecta-dont-free-dl/,Dylan Rehmer,Trifecta,If You Donâ€™t) [Free DL,DJ Sliink x TWRK x Green Lantern
"Aug 21, 2014",http://www.edmsauce.com/2014/08/21/chromeo-ft-solange-lost-way-home-mat-zo-remix/,GLU,Lost On The Way Home,Mat Zo Remix,Chromeo ft Solange
"Aug 21, 2014",http://www.edmsauce.com/2014/08/21/tiesto-footprints-kaaze-remix-2/,Rehan,Footprints,Kaaze Remix,Tiesto
"Aug 20, 2014",http://www.edmsauce.com/2014/08/20/odezsa-say-name-feat-zyra/,Alexander Ginsberg,Say My Name feat. Zyra,,Odezsa
"Aug 20, 2014",http://www.edmsauce.com/2014/08/20/tiesto-footprints-kaaze-remix/,Mel,Footprints,Kaaze Remix,Tiesto
"Aug 20, 2014",http://www.edmsauce.com/2014/08/20/sander-van-doorn-martin-garrix-dvbbs-gold-skies-tiesto-remix/,Ben StÃ«efel,Gold Skies,Tiesto Remix,"Sander van Doorn, Martin Garrix, DVBBS"
"Aug 20, 2014",http://www.edmsauce.com/2014/08/20/nas-vs-flume-made-hold-carlos-serrano-mix/,Elle,Made You Hold On,Carlos Serrano Mix,Nas vs. Flume
"Aug 20, 2014",http://www.edmsauce.com/2014/08/20/birdy-skinny-love-sebastian-carter-remix/,Dylan Rehmer,Skinny Love,Sebastian Carter Remix,Birdy
"Aug 20, 2014",http://www.edmsauce.com/2014/08/20/kendrick-lamar-tycho-vibe-walk-break-science-remix/,Elle,Vibe Walk,Break Science Remix,Kendrick Lamar and Tycho
"Jul 9, 2014",http://www.edmsauce.com/2014/07/09/oliver-heldens-koala/,Alexa,Koala,,Oliver Heldens
"Jul 8, 2014",http://www.edmsauce.com/2014/07/08/televisor-neon-original-mix/,Ben StÃ«efel,Neon,Original Mix,Televisor
"Jul 8, 2014",http://www.edmsauce.com/2014/07/08/beyonce-partition-druid-cloak-arcane-wrath-edition/,Molly Ebner,Partition,Druid Cloak Arcane Wrath Edition,Beyonce
"Jul 7, 2014",http://www.edmsauce.com/2014/07/07/chet-faker-gold/,Molly Ebner,Gold,,Chet Faker
"Jul 7, 2014",http://www.edmsauce.com/2014/07/07/chet-faker-gold-flume-re-work/,Elle,Gold,Flume Re-work,Chet Faker
"Jul 5, 2014",http://www.edmsauce.com/2014/07/05/lane-8-feat-bipolar-sunshine-got-need-every-night/,Erik,â€˜I Got What You Need,Every Night)â€,Lane 8 feat. Bipolar Sunshine
"Jul 5, 2014",http://www.edmsauce.com/2014/07/05/bonobo-duals/,Alex Carll,Duals,,Bonobo
"Jul 5, 2014",http://www.edmsauce.com/2014/07/05/fehrplay-everywhere-go-original-mix/,Ben StÃ«efel,Everywhere You Go,Original Mix,Fehrplay
"Jul 3, 2014",http://www.edmsauce.com/2014/07/03/kaskade-feat-decarl-aint-gotta-lie-vodka-rebel-remix/,L00n,Ainâ€™t Gotta Lie,Vodka Rebel Remix,Kaskade feat. deCarl
"Jun 4, 2014",http://www.edmsauce.com/2014/06/04/seven-lions-feat-kerli-worlds-apart-original-mix/,Stevo,Worlds Apart,Original Mix,Seven Lions feat Kerli
"May 28, 2014",http://www.edmsauce.com/2014/05/28/bingo-players-knock-hardwell-remix/,Stevo,Knock You Out,Hardwell Remix,Bingo Players
"Mar 26, 2014",http://www.edmsauce.com/2014/03/26/goldlink-planet-paradise/,Maddy Andrade,â€˜Planet Paradiseâ€™,,GoldLink
"Mar 25, 2014",http://www.edmsauce.com/2014/03/25/sean-tyas-edm-sauce-50k-exclusive-mix-free-dl/,Stevo,EDM Sauce 50K,Exclusive Mix,Sean Tyas
"Mar 24, 2014",http://www.edmsauce.com/2014/03/24/imogen-heap-wait-artec-remix/,Elle,Wait It Out,Artec Remix,Imogen Heap
"Mar 24, 2014",http://www.edmsauce.com/2014/03/24/maor-levi-edm-sauce-50k-exclusive-mix/,Stevo,EDM Sauce 50K,Exclusive Mix,Maor Levi
"Mar 23, 2014",http://www.edmsauce.com/2014/03/23/dillon-francis-dj-snake-get-low-boombox-cartel-remix/,Elle,Get Low,Boombox Cartel Remix,Dillon Francis & DJ Snake
"Mar 22, 2014",http://www.edmsauce.com/2014/03/22/sirensceol-russian-roulette/,Kassi,Russian Roulette,,SirensCeol
"Mar 22, 2014",http://www.edmsauce.com/2014/03/22/charity-strike-edm-sauce-50k-exclusive-mix-free-dl/,Stevo,EDM Sauce 50K,Exclusive Mix,Charity Strike
"Mar 21, 2014",http://www.edmsauce.com/2014/03/21/kutski-edm-sauce-50k-exclusive-mix/,Stevo,EDM Sauce 50K,Exclusive Mix,Kutski
"Mar 21, 2014",http://www.edmsauce.com/2014/03/21/slippin-darkness-griz-remix-ft-jessica-breanne-lettuce/,Alexander Ginsberg,Lettuce,,Slippin Into Darkness (GriZ Remix Ft. Jessica Breanne)
"Mar 19, 2014",http://www.edmsauce.com/2014/03/19/joel-fletcher-edm-sauce-50k-exclusive-mix/,Stevo,EDM Sauce 50K,Exclusive Mix,Joel Fletcher
"Mar 18, 2014",http://www.edmsauce.com/2014/03/18/steve-aoki-diplo-deorro-freak-feat-steve-bays/,Christie Jay,Freak,Feat. Steve Bays,"Steve Aoki, Diplo & Deorro"
"Mar 18, 2014",http://www.edmsauce.com/2014/03/18/sizzlebird-morning-light-original/,Elle,Morning Light,Original,Sizzlebird
"Mar 18, 2014",http://www.edmsauce.com/2014/03/18/escapade-skrux/,James,Escapade,Original Mix) [Free Download,Skrux
"Mar 18, 2014",http://www.edmsauce.com/2014/03/18/ricky-vaughn-jahan-free-download-edmsauce-com-exclusive/,Christie Jay,Jahan On Me,EDM Sauce Exclusive,Ricky Vaughn
"Mar 17, 2014",http://www.edmsauce.com/2014/03/17/doctor-p-edm-sauce-50k-exclusive-mix-free-dl/,Stevo,EDM Sauce 50K,Exclusive Mix,Doctor P
"Mar 16, 2014",http://www.edmsauce.com/2014/03/16/eminence-edm-sauce-50k-exclusive-mix-free-dl/,Stevo,EDM Sauce 50K,Exclusive Mix,Eminence
"Mar 15, 2014",http://www.edmsauce.com/2014/03/15/lenno-edm-sauce-50k-exclusive-mix-free-dl/,Stevo,EDM Sauce 50K,Exclusive Mix,Lenno
"Mar 14, 2014",http://www.edmsauce.com/2014/03/14/gibbz-edm-sauce-50k-exclusive-mix-free-dl/,Stevo,EDM Sauce 50K,Exclusive Mix,GiBBZ
"Mar 14, 2014",http://www.edmsauce.com/2014/03/14/amtrac-dont-know-feat-posso-original-mix-free-download/,Christie Jay,Donâ€™t Know,Feat. Posso) [Original Mix] [Free Download,Amtrac
"Mar 13, 2014",http://www.edmsauce.com/2014/03/13/neon-trees-sleeping-friend-reuben-keeney-remix-free-download/,Tyler,Sleeping With A Friend,Reuben Keeney Remix) [Free Download,Neon Trees
"Mar 11, 2014",http://www.edmsauce.com/2014/03/11/tell-rl-grime-original-mix/,Christie Jay,RL Grime & What So Not,Original Mix,Tell Me
"Mar 10, 2014",http://www.edmsauce.com/2014/03/10/brand-new-eric-prydz-liberate/,Alexa,â€˜Liberateâ€™,,Brand New Eric Prydz
"Mar 10, 2014",http://www.edmsauce.com/2014/03/10/zhu-faded/,Zo,Faded,,ZHU
"Mar 10, 2014",http://www.edmsauce.com/2014/03/10/mercer-dj-snake-lunatic-orignial-mix/,Kassi,Lunatic,Original Mix,Mercer & DJ Snake
"Mar 10, 2014",http://www.edmsauce.com/2014/03/10/cashmere-cat-rice-rain/,Kassi,Rice Rain,,Cashmere Cat
"Mar 1, 2014",http://www.edmsauce.com/2014/03/01/son-lux-flickers-zeds-dead-remix/,Zo,Flickers,Zeds Dead Remix,Son Lux
"Feb 4, 2014",http://www.edmsauce.com/2014/02/04/lucia-days-paul-gilmore-remix/,Dylan Rehmer,Days,Paul Gilmore Remix,Lucia
"Feb 4, 2014",http://www.edmsauce.com/2014/02/04/jamie-xx-four-tet-seesaw/,Alex Carll,Seesaw,,Jamie xx + Four Tet
"Jan 18, 2014",http://www.edmsauce.com/2014/01/18/one-night-vicetone-remix/,Bruce Genovese,One Night,Vicetone Remix,Matthew Koma
"Jan 6, 2014",http://www.edmsauce.com/2014/01/06/justin-beiber-confident-ft-chance-rapper-barely-alive-remix/,Zack,Confident ft. Chance the Rapper,Barely Alive Remix,Justin Beiber
